fold,model,Accuracy,Precision,Recall,F1,AUC,Specificity,MCC,Brier
0,Paper LR,0.9180327868852459,0.8888888888888888,0.9696969696969697,0.927536231884058,0.9653679653679654,0.8571428571428571,0.8377918249154391,0.07680342495878036
0,Paper DT,0.7704918032786885,0.7567567567567568,0.8484848484848485,0.8,0.7635281385281386,0.6785714285714286,0.5376337115546307,0.22950819672131148
0,Paper RF,0.819672131147541,0.84375,0.8181818181818182,0.8307692307692308,0.9356060606060607,0.8214285714285714,0.6382304303121595,0.11165737704918033
0,Paper XGB,0.8032786885245902,0.8387096774193549,0.7878787878787878,0.8125,0.908008658008658,0.8214285714285714,0.607338671255336,0.13286747877443786
0,Paper NB,0.9180327868852459,0.9117647058823529,0.9393939393939394,0.9253731343283582,0.9718614718614719,0.8928571428571429,0.8349664274173142,0.07118777647083141
0,Paper KNN,0.8688524590163934,0.8787878787878788,0.8787878787878788,0.8787878787878788,0.926948051948052,0.8571428571428571,0.7359307359307359,0.10426229508196723
0,Paper Stacking,0.8524590163934426,0.875,0.8484848484848485,0.8615384615384616,0.961038961038961,0.8571428571428571,0.7041053139822809,0.08808616242013903
0,Ablation: clinical prep (no HPO),0.9180327868852459,0.9375,0.9090909090909091,0.9230769230769231,0.9599567099567099,0.9285714285714286,0.8358550813225236,0.08490151613684428
0,Proposed (clinical prep + nested HPO),0.9016393442622951,0.9354838709677419,0.8787878787878788,0.90625,0.9512987012987013,0.9285714285714286,0.804750708270836,0.09277952425732458
1,Paper LR,0.7868852459016393,0.75,0.9090909090909091,0.821917808219178,0.8647186147186148,0.6428571428571429,0.5788880006133953,0.1538408512606914
1,Paper DT,0.7377049180327869,0.717948717948718,0.8484848484848485,0.7777777777777778,0.7278138528138529,0.6071428571428571,0.47282721562776303,0.26229508196721313
1,Paper RF,0.8032786885245902,0.7692307692307693,0.9090909090909091,0.8333333333333334,0.8847402597402597,0.6785714285714286,0.6098460287075423,0.13688852459016396
1,Paper XGB,0.8032786885245902,0.7692307692307693,0.9090909090909091,0.8333333333333334,0.8300865800865801,0.6785714285714286,0.6098460287075423,0.19151406002105215
1,Paper NB,0.8360655737704918,0.7948717948717948,0.9393939393939394,0.8611111111111112,0.8798701298701299,0.7142857142857143,0.678355435247432,0.1581095023313769
1,Paper KNN,0.7868852459016393,0.7631578947368421,0.8787878787878788,0.8169014084507042,0.8111471861471862,0.6785714285714286,0.5730803627437612,0.18426229508196726
1,Paper Stacking,0.8032786885245902,0.7560975609756098,0.9393939393939394,0.8378378378378378,0.8798701298701298,0.6428571428571429,0.6180724188477789,0.149202874578034
1,Ablation: clinical prep (no HPO),0.8360655737704918,0.7948717948717948,0.9393939393939394,0.8611111111111112,0.8971861471861471,0.7142857142857143,0.678355435247432,0.12938489608153889
1,Proposed (clinical prep + nested HPO),0.8360655737704918,0.7948717948717948,0.9393939393939394,0.8611111111111112,0.8874458874458875,0.7142857142857143,0.678355435247432,0.13124947783241672
2,Paper LR,0.7666666666666667,0.8,0.75,0.7741935483870968,0.8694196428571428,0.7857142857142857,0.5345224838248488,0.15453255665294974
2,Paper DT,0.7666666666666667,0.78125,0.78125,0.78125,0.765625,0.75,0.53125,0.23333333333333334
2,Paper RF,0.7833333333333333,0.7878787878787878,0.8125,0.8,0.8761160714285714,0.75,0.5640760748177662,0.139355
2,Paper XGB,0.7666666666666667,0.78125,0.78125,0.78125,0.8861607142857143,0.75,0.53125,0.1751778475253204
2,Paper NB,0.7833333333333333,0.8064516129032258,0.78125,0.7936507936507936,0.8370535714285714,0.7857142857142857,0.5660175036135799,0.1851489734530652
2,Paper KNN,0.7833333333333333,0.7714285714285715,0.84375,0.8059701492537313,0.8543526785714286,0.7142857142857143,0.5646924393157821,0.154
2,Paper Stacking,0.8166666666666667,0.8181818181818182,0.84375,0.8307692307692308,0.8917410714285714,0.7857142857142857,0.6312279884865479,0.14089248958806036
2,Ablation: clinical prep (no HPO),0.7833333333333333,0.7714285714285715,0.84375,0.8059701492537313,0.8928571428571428,0.7142857142857143,0.5646924393157821,0.14544823103912569
2,Proposed (clinical prep + nested HPO),0.7833333333333333,0.7714285714285715,0.84375,0.8059701492537313,0.8772321428571428,0.7142857142857143,0.5646924393157821,0.14822500550810203
3,Paper LR,0.8666666666666667,0.8205128205128205,0.9696969696969697,0.8888888888888888,0.9034792368125701,0.7407407407407407,0.7410080177880776,0.1178586460466933
3,Paper DT,0.75,0.78125,0.7575757575757576,0.7692307692307693,0.7491582491582491,0.7407407407407407,0.4969241611489845,0.25
3,Paper RF,0.8333333333333334,0.8285714285714286,0.8787878787878788,0.8529411764705882,0.8860830527497194,0.7777777777777778,0.6625413488689132,0.132195
3,Paper XGB,0.8,0.8,0.8484848484848485,0.8235294117647058,0.8810325476992145,0.7407407407407407,0.5945883900105631,0.1663021056992955
3,Paper NB,0.8333333333333334,0.8285714285714286,0.8787878787878788,0.8529411764705882,0.8866442199775534,0.7777777777777778,0.6625413488689132,0.1375640514859671
3,Paper KNN,0.75,0.7368421052631579,0.8484848484848485,0.7887323943661971,0.8496071829405163,0.6296296296296297,0.4935914274184814,0.15600000000000003
3,Paper Stacking,0.7833333333333333,0.7631578947368421,0.8787878787878788,0.8169014084507042,0.8956228956228957,0.6666666666666666,0.5631113467731971,0.1282402735021449
3,Ablation: clinical prep (no HPO),0.8333333333333334,0.8108108108108109,0.9090909090909091,0.8571428571428571,0.9001122334455668,0.7407407407407407,0.6649284750350865,0.11780704561950239
3,Proposed (clinical prep + nested HPO),0.8166666666666667,0.8055555555555556,0.8787878787878788,0.8405797101449275,0.9023569023569022,0.7407407407407407,0.6291342872277006,0.12376380455328378
4,Paper LR,0.7833333333333333,0.8571428571428571,0.7272727272727273,0.7868852459016393,0.9079685746352413,0.8518518518518519,0.5775064575515225,0.12688659396187324
4,Paper DT,0.75,0.8214285714285714,0.696969696969697,0.7540983606557377,0.755892255892256,0.8148148148148148,0.5103545438827408,0.25
4,Paper RF,0.8,0.8387096774193549,0.7878787878787878,0.8125,0.9208754208754208,0.8148148148148148,0.6000059924121083,0.12115666666666663
4,Paper XGB,0.8333333333333334,0.8484848484848485,0.8484848484848485,0.8484848484848485,0.9124579124579124,0.8148148148148148,0.6632996632996633,0.131778336555395
4,Paper NB,0.75,0.8461538461538461,0.6666666666666666,0.7457627118644068,0.8866442199775533,0.8518518518518519,0.5205674283520202,0.18255181044026195
4,Paper KNN,0.7666666666666667,0.8064516129032258,0.7575757575757576,0.78125,0.8978675645342312,0.7777777777777778,0.5329662167236046,0.128
4,Paper Stacking,0.7833333333333333,0.8571428571428571,0.7272727272727273,0.7868852459016393,0.9113355780022446,0.8518518518518519,0.5775064575515225,0.1305169253347646
4,Ablation: clinical prep (no HPO),0.8333333333333334,0.8709677419354839,0.8181818181818182,0.84375,0.9158249158249158,0.8518518518518519,0.667045768100612,0.11489486712678616
4,Proposed (clinical prep + nested HPO),0.8333333333333334,0.8709677419354839,0.8181818181818182,0.84375,0.9124579124579125,0.8518518518518519,0.667045768100612,0.11486754611119311
5,Paper LR,0.8852459016393442,0.8421052631578947,0.9696969696969697,0.9014084507042254,0.946969696969697,0.7857142857142857,0.776718627563389,0.08923598088367167
5,Paper DT,0.7704918032786885,0.7714285714285715,0.8181818181818182,0.7941176470588235,0.7662337662337664,0.7142857142857143,0.5365478031139463,0.22950819672131148
5,Paper RF,0.8852459016393442,0.8611111111111112,0.9393939393939394,0.8985507246376812,0.9388528138528138,0.8214285714285714,0.770900069261196,0.10808360655737705
5,Paper XGB,0.8524590163934426,0.8333333333333334,0.9090909090909091,0.8695652173913043,0.880952380952381,0.7857142857142857,0.7040083136069528,0.128008447776237
5,Paper NB,0.9016393442622951,0.9354838709677419,0.8787878787878788,0.90625,0.9632034632034632,0.9285714285714286,0.804750708270836,0.07495620782300269
5,Paper KNN,0.8360655737704918,0.7948717948717948,0.9393939393939394,0.8611111111111112,0.9226190476190476,0.7142857142857143,0.678355435247432,0.10950819672131147
5,Paper Stacking,0.8688524590163934,0.8571428571428571,0.9090909090909091,0.8823529411764706,0.9599567099567099,0.8214285714285714,0.7361174128087679,0.08485642890541437
5,Ablation: clinical prep (no HPO),0.8852459016393442,0.8611111111111112,0.9393939393939394,0.8985507246376812,0.933982683982684,0.8214285714285714,0.770900069261196,0.09556681909260029
5,Proposed (clinical prep + nested HPO),0.8852459016393442,0.8611111111111112,0.9393939393939394,0.8985507246376812,0.9415584415584415,0.8214285714285714,0.770900069261196,0.09326143569012814
6,Paper LR,0.7868852459016393,0.75,0.9090909090909091,0.821917808219178,0.8896103896103896,0.6428571428571429,0.5788880006133953,0.1372947938309211
6,Paper DT,0.7868852459016393,0.8125,0.7878787878787878,0.8,0.7867965367965367,0.7857142857142857,0.5723555466420381,0.21311475409836064
6,Paper RF,0.8688524590163934,0.8378378378378378,0.9393939393939394,0.8857142857142857,0.8971861471861472,0.7857142857142857,0.7396603423852208,0.1258295081967213
6,Paper XGB,0.8032786885245902,0.7560975609756098,0.9393939393939394,0.8378378378378378,0.8874458874458874,0.6428571428571429,0.6180724188477789,0.14768125286079214
6,Paper NB,0.819672131147541,0.7894736842105263,0.9090909090909091,0.8450704225352113,0.8787878787878788,0.7142857142857143,0.6409597843503038,0.1573445936549452
6,Paper KNN,0.8360655737704918,0.8108108108108109,0.9090909090909091,0.8571428571428571,0.8474025974025974,0.75,0.6723181321083574,0.14950819672131144
6,Paper Stacking,0.8032786885245902,0.7692307692307693,0.9090909090909091,0.8333333333333334,0.8928571428571429,0.6785714285714286,0.6098460287075423,0.12707459636983073
6,Ablation: clinical prep (no HPO),0.8688524590163934,0.8378378378378378,0.9393939393939394,0.8857142857142857,0.8820346320346321,0.7857142857142857,0.7396603423852208,0.12375794746814023
6,Proposed (clinical prep + nested HPO),0.8524590163934426,0.8157894736842105,0.9393939393939394,0.8732394366197183,0.8852813852813853,0.75,0.7088392059568465,0.12258574940077253
7,Paper LR,0.8,0.7941176470588235,0.84375,0.8181818181818182,0.8950892857142857,0.75,0.597766393027815,0.13755493469189173
7,Paper DT,0.8166666666666667,0.8387096774193549,0.8125,0.8253968253968254,0.8169642857142857,0.8214285714285714,0.632869964670302,0.18333333333333332
7,Paper RF,0.8,0.7777777777777778,0.875,0.8235294117647058,0.8856026785714286,0.7142857142857143,0.600099198148979,0.13586166666666666
7,Paper XGB,0.8166666666666667,0.8,0.875,0.835820895522388,0.9296875,0.75,0.6324555320336759,0.13614926291834892
7,Paper NB,0.7666666666666667,0.78125,0.78125,0.78125,0.875,0.75,0.53125,0.1666568363270204
7,Paper KNN,0.7833333333333333,0.7878787878787878,0.8125,0.8,0.8716517857142858,0.75,0.5640760748177662,0.148
7,Paper Stacking,0.8,0.7777777777777778,0.875,0.8235294117647058,0.9084821428571428,0.7142857142857143,0.600099198148979,0.13026816231522884
7,Ablation: clinical prep (no HPO),0.8,0.8125,0.8125,0.8125,0.9196428571428572,0.7857142857142857,0.5982142857142857,0.12535190176996142
7,Proposed (clinical prep + nested HPO),0.8166666666666667,0.8,0.875,0.835820895522388,0.9151785714285714,0.75,0.6324555320336759,0.12931078585402186
8,Paper LR,0.8166666666666667,0.8928571428571429,0.7575757575757576,0.819672131147541,0.8888888888888888,0.8888888888888888,0.6446583712203042,0.1424906085394271
8,Paper DT,0.8,0.92,0.696969696969697,0.7931034482758621,0.8114478114478114,0.9259259259259259,0.6285648694397382,0.2
8,Paper RF,0.8333333333333334,0.896551724137931,0.7878787878787878,0.8387096774193549,0.9349046015712682,0.8888888888888888,0.6737497456694624,0.12375166666666669
8,Paper XGB,0.7666666666666667,0.88,0.6666666666666666,0.7586206896551724,0.8945005611672278,0.8888888888888888,0.560611910581388,0.16463951740982707
8,Paper NB,0.75,0.8461538461538461,0.6666666666666666,0.7457627118644068,0.8372615039281707,0.8518518518518519,0.5205674283520202,0.18371958944982744
8,Paper KNN,0.85,0.8529411764705882,0.8787878787878788,0.8656716417910447,0.8855218855218855,0.8148148148148148,0.6963434431202348,0.13
8,Paper Stacking,0.8166666666666667,0.9230769230769231,0.7272727272727273,0.8135593220338984,0.9191919191919192,0.9259259259259259,0.655779747404493,0.1348468386236436
8,Ablation: clinical prep (no HPO),0.8666666666666667,0.9629629629629629,0.7878787878787878,0.8666666666666667,0.9472502805836139,0.9629629629629629,0.7508417508417509,0.1033148128168654
8,Proposed (clinical prep + nested HPO),0.8666666666666667,0.9629629629629629,0.7878787878787878,0.8666666666666667,0.9517396184062851,0.9629629629629629,0.7508417508417509,0.10810170506573573
9,Paper LR,0.8166666666666667,0.7619047619047619,0.9696969696969697,0.8533333333333334,0.8855218855218854,0.6296296296296297,0.6506411205713271,0.13029883506333675
9,Paper DT,0.75,0.7647058823529411,0.7878787878787878,0.7761194029850746,0.7457912457912458,0.7037037037037037,0.4935249645415256,0.25
9,Paper RF,0.8333333333333334,0.7948717948717948,0.9393939393939394,0.8611111111111112,0.9034792368125703,0.7037037037037037,0.6707702909835204,0.12980833333333333
9,Paper XGB,0.7833333333333333,0.75,0.9090909090909091,0.821917808219178,0.8978675645342312,0.6296296296296297,0.5685352436149611,0.15983476605223287
9,Paper NB,0.8,0.7560975609756098,0.9393939393939394,0.8378378378378378,0.9034792368125701,0.6296296296296297,0.6085557615242849,0.14318613342869593
9,Paper KNN,0.8166666666666667,0.7894736842105263,0.9090909090909091,0.8450704225352113,0.8872053872053872,0.7037037037037037,0.6326312661279128,0.132
9,Paper Stacking,0.85,0.8,0.9696969696969697,0.8767123287671232,0.9158249158249159,0.7037037037037037,0.7106690545187014,0.11583685509932162
9,Ablation: clinical prep (no HPO),0.8666666666666667,0.8205128205128205,0.9696969696969697,0.8888888888888888,0.9090909090909091,0.7407407407407407,0.7410080177880776,0.11079799263977479
9,Proposed (clinical prep + nested HPO),0.85,0.8,0.9696969696969697,0.8767123287671232,0.8843995510662177,0.7037037037037037,0.7106690545187014,0.12654583117974594
10,Paper LR,0.8360655737704918,0.8484848484848485,0.8484848484848485,0.8484848484848485,0.9610389610389611,0.8214285714285714,0.6699134199134199,0.09052047148614804
10,Paper DT,0.7540983606557377,0.8214285714285714,0.696969696969697,0.7540983606557377,0.7591991341991342,0.8214285714285714,0.5183982683982684,0.2459016393442623
10,Paper RF,0.8852459016393442,0.90625,0.8787878787878788,0.8923076923076924,0.9534632034632035,0.8928571428571429,0.7699801976524022,0.10130327868852461
10,Paper XGB,0.8360655737704918,0.8709677419354839,0.8181818181818182,0.84375,0.920995670995671,0.8571428571428571,0.673142683593836,0.11322990644240129
10,Paper NB,0.8360655737704918,0.8709677419354839,0.8181818181818182,0.84375,0.9512987012987013,0.8571428571428571,0.673142683593836,0.10931987490520745
10,Paper KNN,0.9016393442622951,0.9354838709677419,0.8787878787878788,0.90625,0.9534632034632035,0.9285714285714286,0.804750708270836,0.0878688524590164
10,Paper Stacking,0.9180327868852459,0.9117647058823529,0.9393939393939394,0.9253731343283582,0.9599567099567099,0.8928571428571429,0.8349664274173142,0.08372506900049204
10,Ablation: clinical prep (no HPO),0.9016393442622951,0.9090909090909091,0.9090909090909091,0.9090909090909091,0.9339826839826839,0.8928571428571429,0.801948051948052,0.09705430069538887
10,Proposed (clinical prep + nested HPO),0.8852459016393442,0.8823529411764706,0.9090909090909091,0.8955223880597015,0.9404761904761905,0.8571428571428571,0.7687337199108693,0.09285348541390417
11,Paper LR,0.819672131147541,0.7894736842105263,0.9090909090909091,0.8450704225352113,0.8777056277056278,0.7142857142857143,0.6409597843503038,0.12348307604827817
11,Paper DT,0.8032786885245902,0.8181818181818182,0.8181818181818182,0.8181818181818182,0.801948051948052,0.7857142857142857,0.6038961038961039,0.19672131147540983
11,Paper RF,0.8524590163934426,0.8,0.9696969696969697,0.8767123287671232,0.887987012987013,0.7142857142857143,0.7173670909562075,0.1312016393442623
11,Paper XGB,0.7868852459016393,0.7631578947368421,0.8787878787878788,0.8169014084507042,0.8722943722943723,0.6785714285714286,0.5730803627437612,0.15269565285621323
11,Paper NB,0.7868852459016393,0.7941176470588235,0.8181818181818182,0.8059701492537313,0.8636363636363636,0.75,0.5700355973915344,0.16297690367574053
11,Paper KNN,0.8032786885245902,0.7837837837837838,0.8787878787878788,0.8285714285714286,0.8522727272727273,0.7142857142857143,0.6049759218314941,0.15081967213114753
11,Paper Stacking,0.8524590163934426,0.8333333333333334,0.9090909090909091,0.8695652173913043,0.8906926406926408,0.7857142857142857,0.7040083136069528,0.12335040922014134
11,Ablation: clinical prep (no HPO),0.8524590163934426,0.8333333333333334,0.9090909090909091,0.8695652173913043,0.8798701298701298,0.7857142857142857,0.7040083136069528,0.12686419691704334
11,Proposed (clinical prep + nested HPO),0.8688524590163934,0.8205128205128205,0.9696969696969697,0.8888888888888888,0.8917748917748918,0.75,0.7468648417873217,0.12202353201569406
12,Paper LR,0.75,0.7575757575757576,0.78125,0.7692307692307693,0.8560267857142857,0.7142857142857143,0.4969241611489845,0.18047448467636515
12,Paper DT,0.7666666666666667,0.8214285714285714,0.71875,0.7666666666666667,0.7700892857142856,0.8214285714285714,0.5401785714285714,0.23333333333333334
12,Paper RF,0.8166666666666667,0.8181818181818182,0.84375,0.8307692307692308,0.8973214285714285,0.7857142857142857,0.6312279884865479,0.13614333333333334
12,Paper XGB,0.7666666666666667,0.78125,0.78125,0.78125,0.8828125,0.75,0.53125,0.1620703196928685
12,Paper NB,0.8,0.8125,0.8125,0.8125,0.875,0.7857142857142857,0.5982142857142857,0.17462835554858797
12,Paper KNN,0.7833333333333333,0.7714285714285715,0.84375,0.8059701492537313,0.8571428571428572,0.7142857142857143,0.5646924393157821,0.15533333333333335
12,Paper Stacking,0.8,0.8125,0.8125,0.8125,0.8917410714285714,0.7857142857142857,0.5982142857142857,0.15067486710266575
12,Ablation: clinical prep (no HPO),0.8,0.8125,0.8125,0.8125,0.8895089285714286,0.7857142857142857,0.5982142857142857,0.14957952837696423
12,Proposed (clinical prep + nested HPO),0.8,0.8125,0.8125,0.8125,0.8828125,0.7857142857142857,0.5982142857142857,0.15380387512786237
13,Paper LR,0.8666666666666667,0.8048780487804879,1.0,0.8918918918918919,0.962962962962963,0.7037037037037037,0.7525926281572518,0.09394917104938866
13,Paper DT,0.7333333333333333,0.7741935483870968,0.7272727272727273,0.75,0.734006734006734,0.7407407407407407,0.4659264410351009,0.26666666666666666
13,Paper RF,0.85,0.8157894736842105,0.9393939393939394,0.8732394366197183,0.9349046015712683,0.7407407407407407,0.7021511854826284,0.11140999999999998
13,Paper XGB,0.8,0.7692307692307693,0.9090909090909091,0.8333333333333334,0.9147025813692481,0.6666666666666666,0.6005325641789633,0.15637747797024623
13,Paper NB,0.85,0.7857142857142857,1.0,0.88,0.9349046015712683,0.6666666666666666,0.7237468644557459,0.1263653491749403
13,Paper KNN,0.8666666666666667,0.8048780487804879,1.0,0.8918918918918919,0.9236812570145905,0.7037037037037037,0.7525926281572518,0.11333333333333336
13,Paper Stacking,0.8166666666666667,0.775,0.9393939393939394,0.8493150684931506,0.9393939393939394,0.6666666666666666,0.6396021490668312,0.11101476854497498
13,Ablation: clinical prep (no HPO),0.9,0.8461538461538461,1.0,0.9166666666666666,0.9640852974186307,0.7777777777777778,0.8112457445926347,0.0849535889219913
13,Proposed (clinical prep + nested HPO),0.8833333333333333,0.8421052631578947,0.9696969696969697,0.9014084507042254,0.9607182940516273,0.7777777777777778,0.7716711048373441,0.08737881670251443
14,Paper LR,0.8,0.8387096774193549,0.7878787878787878,0.8125,0.8282828282828283,0.8148148148148148,0.6000059924121083,0.17565796856332452
14,Paper DT,0.6833333333333333,0.7333333333333333,0.6666666666666666,0.6984126984126984,0.6851851851851851,0.7037037037037037,0.3685138655950444,0.31666666666666665
14,Paper RF,0.75,0.8214285714285714,0.696969696969697,0.7540983606557377,0.8731762065095399,0.8148148148148148,0.5103545438827408,0.15291500000000002
14,Paper XGB,0.7666666666666667,0.8064516129032258,0.7575757575757576,0.78125,0.8529741863075196,0.7777777777777778,0.5329662167236046,0.17386683754316204
14,Paper NB,0.8333333333333334,0.896551724137931,0.7878787878787878,0.8387096774193549,0.8540965207631875,0.8888888888888888,0.6737497456694624,0.15381024490186043
14,Paper KNN,0.75,0.8,0.7272727272727273,0.7619047619047619,0.8501683501683501,0.7777777777777778,0.502518907629606,0.15666666666666665
14,Paper Stacking,0.7833333333333333,0.8333333333333334,0.7575757575757576,0.7936507936507936,0.8765432098765432,0.8148148148148148,0.5695214286468868,0.14430074560156
14,Ablation: clinical prep (no HPO),0.8333333333333334,0.8709677419354839,0.8181818181818182,0.84375,0.8843995510662178,0.8518518518518519,0.667045768100612,0.1315433285503249
14,Proposed (clinical prep + nested HPO),0.8,0.8620689655172413,0.7575757575757576,0.8064516129032258,0.877665544332211,0.8518518518518519,0.6067099699809587,0.14866765861860556
15,Paper LR,0.7704918032786885,0.7435897435897436,0.8787878787878788,0.8055555555555556,0.8906926406926406,0.6428571428571429,0.5413366221676527,0.13232075016914568
15,Paper DT,0.7049180327868853,0.7142857142857143,0.7575757575757576,0.7352941176470589,0.7002164502164501,0.6428571428571429,0.40350139665073204,0.29508196721311475
15,Paper RF,0.8032786885245902,0.7837837837837838,0.8787878787878788,0.8285714285714286,0.8933982683982684,0.7142857142857143,0.6049759218314941,0.13149180327868853
15,Paper XGB,0.8032786885245902,0.8,0.8484848484848485,0.8235294117647058,0.8831168831168831,0.75,0.6030710063455536,0.1718947531558565
15,Paper NB,0.8360655737704918,0.8285714285714286,0.8787878787878788,0.8529411764705882,0.8874458874458875,0.7857142857142857,0.6695942095771606,0.1613356676812991
15,Paper KNN,0.7868852459016393,0.7777777777777778,0.8484848484848485,0.8115942028985508,0.8831168831168831,0.7142857142857143,0.5702248022984665,0.13573770491803278
15,Paper Stacking,0.8032786885245902,0.8,0.8484848484848485,0.8235294117647058,0.9015151515151516,0.75,0.6030710063455536,0.13424295671469647
15,Ablation: clinical prep (no HPO),0.8360655737704918,0.8285714285714286,0.8787878787878788,0.8529411764705882,0.9101731601731602,0.7857142857142857,0.6695942095771606,0.12099489142907091
15,Proposed (clinical prep + nested HPO),0.8360655737704918,0.8108108108108109,0.9090909090909091,0.8571428571428571,0.9177489177489178,0.75,0.6723181321083574,0.11865233403065373
16,Paper LR,0.9016393442622951,0.9090909090909091,0.9090909090909091,0.9090909090909091,0.9285714285714286,0.8928571428571429,0.801948051948052,0.102922895443341
16,Paper DT,0.7377049180327869,0.7931034482758621,0.696969696969697,0.7419354838709677,0.7413419913419913,0.7857142857142857,0.4816425920799038,0.26229508196721313
16,Paper RF,0.8524590163934426,0.8529411764705882,0.8787878787878788,0.8656716417910447,0.8988095238095238,0.8214285714285714,0.7025010124044243,0.13095081967213115
16,Paper XGB,0.7704918032786885,0.8064516129032258,0.7575757575757576,0.78125,0.8571428571428571,0.7857142857142857,0.541534658916836,0.17318356500565613
16,Paper NB,0.8524590163934426,0.8333333333333334,0.9090909090909091,0.8695652173913043,0.9123376623376623,0.7857142857142857,0.7040083136069528,0.11794034963652042
16,Paper KNN,0.819672131147541,0.84375,0.8181818181818182,0.8307692307692308,0.8820346320346321,0.8214285714285714,0.6382304303121595,0.13442622950819674
16,Paper Stacking,0.8852459016393442,0.8823529411764706,0.9090909090909091,0.8955223880597015,0.9285714285714286,0.8571428571428571,0.7687337199108693,0.11024742083240435
16,Ablation: clinical prep (no HPO),0.8852459016393442,0.8823529411764706,0.9090909090909091,0.8955223880597015,0.9350649350649352,0.8571428571428571,0.7687337199108693,0.10307107620932368
16,Proposed (clinical prep + nested HPO),0.8524590163934426,0.8529411764705882,0.8787878787878788,0.8656716417910447,0.9188311688311688,0.8214285714285714,0.7025010124044243,0.11714862575280813
17,Paper LR,0.75,0.7428571428571429,0.8125,0.7761194029850746,0.8850446428571429,0.6785714285714286,0.4969293465978882,0.14394130911991793
17,Paper DT,0.7333333333333333,0.7666666666666667,0.71875,0.7419354838709677,0.734375,0.75,0.46770717334674267,0.26666666666666666
17,Paper RF,0.8166666666666667,0.8,0.875,0.835820895522388,0.9056919642857143,0.75,0.6324555320336759,0.12546666666666664
17,Paper XGB,0.8166666666666667,0.8181818181818182,0.84375,0.8307692307692308,0.8783482142857143,0.7857142857142857,0.6312279884865479,0.16024324012182045
17,Paper NB,0.7666666666666667,0.7647058823529411,0.8125,0.7878787878787878,0.8482142857142857,0.7142857142857143,0.5303491306562569,0.18949116418584727
17,Paper KNN,0.7166666666666667,0.6923076923076923,0.84375,0.7605633802816901,0.8431919642857143,0.5714285714285714,0.4342571563774075,0.1733333333333333
17,Paper Stacking,0.75,0.7297297297297297,0.84375,0.782608695652174,0.8939732142857143,0.6428571428571429,0.49930705718126556,0.142848611142017
17,Ablation: clinical prep (no HPO),0.8333333333333334,0.8235294117647058,0.875,0.8484848484848485,0.9095982142857142,0.7857142857142857,0.6651836553993731,0.13002033636445026
17,Proposed (clinical prep + nested HPO),0.8166666666666667,0.8181818181818182,0.84375,0.8307692307692308,0.9029017857142857,0.7857142857142857,0.6312279884865479,0.13331561508778583
18,Paper LR,0.8166666666666667,0.775,0.9393939393939394,0.8493150684931506,0.8877665544332211,0.6666666666666666,0.6396021490668312,0.13589239742916834
18,Paper DT,0.75,0.7368421052631579,0.8484848484848485,0.7887323943661971,0.7390572390572392,0.6296296296296297,0.4935914274184814,0.25
18,Paper RF,0.8166666666666667,0.7619047619047619,0.9696969696969697,0.8533333333333334,0.8978675645342311,0.6296296296296297,0.6506411205713271,0.133915
18,Paper XGB,0.8166666666666667,0.7619047619047619,0.9696969696969697,0.8533333333333334,0.9012345679012346,0.6296296296296297,0.6506411205713271,0.1568217792245875
18,Paper NB,0.8333333333333334,0.8108108108108109,0.9090909090909091,0.8571428571428571,0.8967452300785634,0.7407407407407407,0.6649284750350865,0.1402100447868665
18,Paper KNN,0.8166666666666667,0.7894736842105263,0.9090909090909091,0.8450704225352113,0.8456790123456791,0.7037037037037037,0.6326312661279128,0.1513333333333333
18,Paper Stacking,0.8166666666666667,0.7619047619047619,0.9696969696969697,0.8533333333333334,0.9057239057239057,0.6296296296296297,0.6506411205713271,0.13233342163298373
18,Ablation: clinical prep (no HPO),0.8166666666666667,0.7619047619047619,0.9696969696969697,0.8533333333333334,0.8933782267115602,0.6296296296296297,0.6506411205713271,0.1361555814244715
18,Proposed (clinical prep + nested HPO),0.8166666666666667,0.775,0.9393939393939394,0.8493150684931506,0.9023569023569024,0.6666666666666666,0.6396021490668312,0.13353863526777582
19,Paper LR,0.9333333333333333,0.9393939393939394,0.9393939393939394,0.9393939393939394,0.9450056116722784,0.9259259259259259,0.8653198653198653,0.09074974511525193
19,Paper DT,0.7833333333333333,0.8571428571428571,0.7272727272727273,0.7868852459016393,0.7895622895622896,0.8518518518518519,0.5775064575515225,0.21666666666666667
19,Paper RF,0.8333333333333334,0.8709677419354839,0.8181818181818182,0.84375,0.9079685746352414,0.8518518518518519,0.667045768100612,0.12108499999999998
19,Paper XGB,0.8333333333333334,0.8709677419354839,0.8181818181818182,0.84375,0.9248035914702581,0.8518518518518519,0.667045768100612,0.11063439388790165
19,Paper NB,0.8833333333333333,0.90625,0.8787878787878788,0.8923076923076924,0.9393939393939394,0.8888888888888888,0.7655318158241113,0.09161450856038464
19,Paper KNN,0.85,0.9,0.8181818181818182,0.8571428571428571,0.9107744107744108,0.8888888888888888,0.7035264706814485,0.11533333333333333
19,Paper Stacking,0.85,0.875,0.8484848484848485,0.8615384615384616,0.9281705948372615,0.8518518518518519,0.6983799021553296,0.09647806380756353
19,Ablation: clinical prep (no HPO),0.8833333333333333,0.9333333333333333,0.8484848484848485,0.8888888888888888,0.9068462401795736,0.9259259259259259,0.7705289916987292,0.10457047054442935
19,Proposed (clinical prep + nested HPO),0.85,0.9,0.8181818181818182,0.8571428571428571,0.9225589225589226,0.8888888888888888,0.7035264706814485,0.1098490950486067
20,Paper LR,0.8360655737704918,0.8108108108108109,0.9090909090909091,0.8571428571428571,0.8809523809523809,0.75,0.6723181321083574,0.13730135255738157
20,Paper DT,0.7213114754098361,0.7105263157894737,0.8181818181818182,0.7605633802816901,0.7126623376623378,0.6071428571428571,0.43732151953067605,0.2786885245901639
20,Paper RF,0.8032786885245902,0.7837837837837838,0.8787878787878788,0.8285714285714286,0.8647186147186147,0.7142857142857143,0.6049759218314941,0.1417622950819672
20,Paper XGB,0.7704918032786885,0.7435897435897436,0.8787878787878788,0.8055555555555556,0.8430735930735931,0.6428571428571429,0.5413366221676527,0.196727592061155
20,Paper NB,0.8032786885245902,0.8181818181818182,0.8181818181818182,0.8181818181818182,0.8571428571428572,0.7857142857142857,0.6038961038961039,0.1711204562467514
20,Paper KNN,0.8360655737704918,0.8285714285714286,0.8787878787878788,0.8529411764705882,0.8733766233766234,0.7857142857142857,0.6695942095771606,0.13901639344262295
20,Paper Stacking,0.819672131147541,0.7894736842105263,0.9090909090909091,0.8450704225352113,0.8744588744588744,0.7142857142857143,0.6409597843503038,0.1420680859177235
20,Ablation: clinical prep (no HPO),0.819672131147541,0.8666666666666667,0.7878787878787878,0.8253968253968254,0.8798701298701299,0.8571428571428571,0.6429375631761639,0.1392140618434458
20,Proposed (clinical prep + nested HPO),0.819672131147541,0.84375,0.8181818181818182,0.8307692307692308,0.8755411255411255,0.8214285714285714,0.6382304303121595,0.14359767282951802
21,Paper LR,0.819672131147541,0.775,0.9393939393939394,0.8493150684931506,0.935064935064935,0.6785714285714286,0.6481275457848015,0.10617224908212769
21,Paper DT,0.7868852459016393,0.7777777777777778,0.8484848484848485,0.8115942028985508,0.7813852813852814,0.7142857142857143,0.5702248022984665,0.21311475409836064
21,Paper RF,0.8688524590163934,0.8378378378378378,0.9393939393939394,0.8857142857142857,0.9426406926406926,0.7857142857142857,0.7396603423852208,0.10742131147540981
21,Paper XGB,0.8852459016393442,0.8611111111111112,0.9393939393939394,0.8985507246376812,0.9383116883116883,0.8214285714285714,0.770900069261196,0.09403916304594441
21,Paper NB,0.8688524590163934,0.8205128205128205,0.9696969696969697,0.8888888888888888,0.9404761904761905,0.75,0.7468648417873217,0.11163360355656934
21,Paper KNN,0.8360655737704918,0.7804878048780488,0.9696969696969697,0.8648648648648649,0.9150432900432901,0.6785714285714286,0.6881512618769879,0.12000000000000001
21,Paper Stacking,0.8688524590163934,0.8205128205128205,0.9696969696969697,0.8888888888888888,0.9383116883116883,0.75,0.7468648417873217,0.10465864064711972
21,Ablation: clinical prep (no HPO),0.8360655737704918,0.7948717948717948,0.9393939393939394,0.8611111111111112,0.9426406926406926,0.7142857142857143,0.678355435247432,0.10243816438002372
21,Proposed (clinical prep + nested HPO),0.8524590163934426,0.8,0.9696969696969697,0.8767123287671232,0.9545454545454546,0.7142857142857143,0.7173670909562075,0.1040714594588642
22,Paper LR,0.8833333333333333,0.9310344827586207,0.84375,0.8852459016393442,0.9575892857142857,0.9285714285714286,0.7710317175208609,0.08932298973439011
22,Paper DT,0.85,0.8709677419354839,0.84375,0.8571428571428571,0.8504464285714286,0.8571428571428571,0.699722425727024,0.15
22,Paper RF,0.9333333333333333,0.9666666666666667,0.90625,0.9354838709677419,0.9547991071428572,0.9642857142857143,0.8685990362153791,0.09654333333333334
22,Paper XGB,0.8833333333333333,0.9629629629629629,0.8125,0.8813559322033898,0.9475446428571428,0.9642857142857143,0.7789621985578676,0.08510928947243916
22,Paper NB,0.8833333333333333,0.8787878787878788,0.90625,0.8923076923076924,0.9542410714285714,0.8571428571428571,0.7655318158241113,0.07677109412091039
22,Paper KNN,0.8333333333333334,0.8928571428571429,0.78125,0.8333333333333334,0.9168526785714285,0.8928571428571429,0.6741071428571429,0.11400000000000002
22,Paper Stacking,0.9166666666666666,0.9655172413793104,0.875,0.9180327868852459,0.9665178571428572,0.9642857142857143,0.8378841785775829,0.0810531019489565
22,Ablation: clinical prep (no HPO),0.9333333333333333,0.9375,0.9375,0.9375,0.9665178571428572,0.9285714285714286,0.8660714285714286,0.07553457446341057
22,Proposed (clinical prep + nested HPO),0.9333333333333333,0.9375,0.9375,0.9375,0.9754464285714286,0.9285714285714286,0.8660714285714286,0.07095109432944215
23,Paper LR,0.7333333333333333,0.7575757575757576,0.7575757575757576,0.7575757575757576,0.8024691358024691,0.7037037037037037,0.4612794612794613,0.18846696443868055
23,Paper DT,0.6833333333333333,0.71875,0.696969696969697,0.7076923076923077,0.6818181818181819,0.6666666666666666,0.36262033381142117,0.31666666666666665
23,Paper RF,0.7333333333333333,0.7741935483870968,0.7272727272727273,0.75,0.8322109988776656,0.7407407407407407,0.4659264410351009,0.16752833333333333
23,Paper XGB,0.65,0.7,0.6363636363636364,0.6666666666666666,0.782267115600449,0.6666666666666666,0.30151134457776363,0.2465726184054282
23,Paper NB,0.8,0.8620689655172413,0.7575757575757576,0.8064516129032258,0.8552188552188552,0.8518518518518519,0.6067099699809587,0.17202238557551744
23,Paper KNN,0.7666666666666667,0.7878787878787878,0.7878787878787878,0.7878787878787878,0.8243546576879911,0.7407407407407407,0.5286195286195287,0.17133333333333337
23,Paper Stacking,0.6833333333333333,0.71875,0.696969696969697,0.7076923076923077,0.8361391694725029,0.6666666666666666,0.36262033381142117,0.1811377349255876
23,Ablation: clinical prep (no HPO),0.75,0.8,0.7272727272727273,0.7619047619047619,0.835016835016835,0.7777777777777778,0.502518907629606,0.16636075098939615
23,Proposed (clinical prep + nested HPO),0.7333333333333333,0.7575757575757576,0.7575757575757576,0.7575757575757576,0.8181818181818182,0.7037037037037037,0.4612794612794613,0.17186671632832332
24,Paper LR,0.8166666666666667,0.7894736842105263,0.9090909090909091,0.8450704225352113,0.8922558922558923,0.7037037037037037,0.6326312661279128,0.1403280760886565
24,Paper DT,0.7,0.7027027027027027,0.7878787878787878,0.7428571428571429,0.6902356902356901,0.5925925925925926,0.38931045429515426,0.3
24,Paper RF,0.7833333333333333,0.7777777777777778,0.8484848484848485,0.8115942028985508,0.8703703703703705,0.7037037037037037,0.5607501255725158,0.14353333333333335
24,Paper XGB,0.8,0.7837837837837838,0.8787878787878788,0.8285714285714286,0.8260381593714927,0.7037037037037037,0.5960239698501034,0.1929376497632328
24,Paper NB,0.7333333333333333,0.7575757575757576,0.7575757575757576,0.7575757575757576,0.8675645342312008,0.7037037037037037,0.4612794612794613,0.18224576259882347
24,Paper KNN,0.7833333333333333,0.7777777777777778,0.8484848484848485,0.8115942028985508,0.8546576879910213,0.7037037037037037,0.5607501255725158,0.14933333333333335
24,Paper Stacking,0.8,0.7837837837837838,0.8787878787878788,0.8285714285714286,0.8799102132435466,0.7037037037037037,0.5960239698501034,0.14555643499816526
24,Ablation: clinical prep (no HPO),0.8166666666666667,0.8055555555555556,0.8787878787878788,0.8405797101449275,0.9012345679012346,0.7407407407407407,0.6291342872277006,0.13158941546404587
24,Proposed (clinical prep + nested HPO),0.8166666666666667,0.8055555555555556,0.8787878787878788,0.8405797101449275,0.8956228956228957,0.7407407407407407,0.6291342872277006,0.14010492098743973
25,Paper LR,0.8524590163934426,0.8333333333333334,0.9090909090909091,0.8695652173913043,0.9090909090909091,0.7857142857142857,0.7040083136069528,0.11413656767323349
25,Paper DT,0.7540983606557377,0.7647058823529411,0.7878787878787878,0.7761194029850746,0.751082251082251,0.7142857142857143,0.5038028898850895,0.2459016393442623
25,Paper RF,0.8688524590163934,0.8571428571428571,0.9090909090909091,0.8823529411764706,0.9307359307359307,0.8214285714285714,0.7361174128087679,0.10869344262295084
25,Paper XGB,0.8032786885245902,0.7837837837837838,0.8787878787878788,0.8285714285714286,0.9004329004329004,0.7142857142857143,0.6049759218314941,0.14423696247428155
25,Paper NB,0.819672131147541,0.8055555555555556,0.8787878787878788,0.8405797101449275,0.9220779220779222,0.75,0.6371165579527096,0.13042264396494258
25,Paper KNN,0.8524590163934426,0.8529411764705882,0.8787878787878788,0.8656716417910447,0.9058441558441559,0.8214285714285714,0.7025010124044243,0.11409836065573772
25,Paper Stacking,0.8524590163934426,0.8157894736842105,0.9393939393939394,0.8732394366197183,0.9264069264069263,0.75,0.7088392059568465,0.10776711113309319
25,Ablation: clinical prep (no HPO),0.9016393442622951,0.8857142857142857,0.9393939393939394,0.9117647058823529,0.9285714285714286,0.8571428571428571,0.8026406160403751,0.0961412962731374
25,Proposed (clinical prep + nested HPO),0.9016393442622951,0.8857142857142857,0.9393939393939394,0.9117647058823529,0.9242424242424243,0.8571428571428571,0.8026406160403751,0.09711005177772009
26,Paper LR,0.8852459016393442,0.8823529411764706,0.9090909090909091,0.8955223880597015,0.9329004329004329,0.8571428571428571,0.7687337199108693,0.09217363972405572
26,Paper DT,0.8360655737704918,0.7948717948717948,0.9393939393939394,0.8611111111111112,0.8268398268398269,0.7142857142857143,0.678355435247432,0.16393442622950818
26,Paper RF,0.8852459016393442,0.8823529411764706,0.9090909090909091,0.8955223880597015,0.941017316017316,0.8571428571428571,0.7687337199108693,0.09963606557377049
26,Paper XGB,0.8524590163934426,0.8333333333333334,0.9090909090909091,0.8695652173913043,0.9036796536796536,0.7857142857142857,0.7040083136069528,0.1185523888606095
26,Paper NB,0.8688524590163934,0.8571428571428571,0.9090909090909091,0.8823529411764706,0.9231601731601732,0.8214285714285714,0.7361174128087679,0.10342923174448379
26,Paper KNN,0.8360655737704918,0.8484848484848485,0.8484848484848485,0.8484848484848485,0.9117965367965368,0.8214285714285714,0.6699134199134199,0.11475409836065575
26,Paper Stacking,0.8852459016393442,0.90625,0.8787878787878788,0.8923076923076924,0.932900432900433,0.8928571428571429,0.7699801976524022,0.09373013578283797
26,Ablation: clinical prep (no HPO),0.9180327868852459,0.9117647058823529,0.9393939393939394,0.9253731343283582,0.9372294372294372,0.8928571428571429,0.8349664274173142,0.08695830485484807
26,Proposed (clinical prep + nested HPO),0.9180327868852459,0.8888888888888888,0.9696969696969697,0.927536231884058,0.9491341991341992,0.8571428571428571,0.8377918249154391,0.07726889542607995
27,Paper LR,0.75,0.717948717948718,0.875,0.7887323943661971,0.859375,0.6071428571428571,0.5042986332124733,0.15691033807144222
27,Paper DT,0.7333333333333333,0.6904761904761905,0.90625,0.7837837837837838,0.7209821428571429,0.5357142857142857,0.48114977090383854,0.26666666666666666
27,Paper RF,0.8,0.7631578947368421,0.90625,0.8285714285714286,0.8939732142857143,0.6785714285714286,0.6054442283168511,0.13447999999999996
27,Paper XGB,0.7833333333333333,0.7714285714285715,0.84375,0.8059701492537313,0.890625,0.7142857142857143,0.5646924393157821,0.15969525148850774
27,Paper NB,0.75,0.7575757575757576,0.78125,0.7692307692307693,0.8549107142857143,0.7142857142857143,0.4969241611489845,0.18804183391222276
27,Paper KNN,0.8,0.7777777777777778,0.875,0.8235294117647058,0.8443080357142856,0.7142857142857143,0.600099198148979,0.15866666666666665
27,Paper Stacking,0.7666666666666667,0.7368421052631579,0.875,0.8,0.8649553571428571,0.6428571428571429,0.5361185533187384,0.1441376261439719
27,Ablation: clinical prep (no HPO),0.7666666666666667,0.75,0.84375,0.7941176470588235,0.890625,0.6785714285714286,0.5319061074502314,0.14741414432250194
27,Proposed (clinical prep + nested HPO),0.7666666666666667,0.75,0.84375,0.7941176470588235,0.8962053571428571,0.6785714285714286,0.5319061074502314,0.14732440499935587
28,Paper LR,0.8333333333333334,0.8108108108108109,0.9090909090909091,0.8571428571428571,0.9113355780022447,0.7407407407407407,0.6649284750350865,0.11818879084171868
28,Paper DT,0.8166666666666667,0.84375,0.8181818181818182,0.8307692307692308,0.8164983164983167,0.8148148148148148,0.6312279884865479,0.18333333333333332
28,Paper RF,0.8,0.8,0.8484848484848485,0.8235294117647058,0.8872053872053873,0.7407407407407407,0.5945883900105631,0.130795
28,Paper XGB,0.7666666666666667,0.7714285714285715,0.8181818181818182,0.7941176470588235,0.8799102132435466,0.7037037037037037,0.526635431152213,0.1716487799678566
28,Paper NB,0.8666666666666667,0.8571428571428571,0.9090909090909091,0.8823529411764706,0.8978675645342313,0.8148148148148148,0.7304943077272633,0.11663624413833677
28,Paper KNN,0.8333333333333334,0.8108108108108109,0.9090909090909091,0.8571428571428571,0.8641975308641976,0.7407407407407407,0.6649284750350865,0.13733333333333334
28,Paper Stacking,0.85,0.8157894736842105,0.9393939393939394,0.8732394366197183,0.9169472502805837,0.7407407407407407,0.7021511854826284,0.11627609193471722
28,Ablation: clinical prep (no HPO),0.85,0.8529411764705882,0.8787878787878788,0.8656716417910447,0.8933782267115602,0.8148148148148148,0.6963434431202348,0.12778641356296527
28,Proposed (clinical prep + nested HPO),0.8333333333333334,0.8484848484848485,0.8484848484848485,0.8484848484848485,0.898989898989899,0.8148148148148148,0.6632996632996633,0.12179604555528258
29,Paper LR,0.8,0.8387096774193549,0.7878787878787878,0.8125,0.8787878787878789,0.8148148148148148,0.6000059924121083,0.14062344982843683
29,Paper DT,0.75,0.75,0.8181818181818182,0.782608695652174,0.7424242424242425,0.6666666666666666,0.4923659639173309,0.25
29,Paper RF,0.8,0.8,0.8484848484848485,0.8235294117647058,0.8765432098765432,0.7407407407407407,0.5945883900105631,0.14299666666666672
29,Paper XGB,0.7833333333333333,0.8125,0.7878787878787878,0.8,0.8709315375982043,0.7777777777777778,0.5640760748177662,0.16694224258767948
29,Paper NB,0.8,0.8387096774193549,0.7878787878787878,0.8125,0.8316498316498316,0.8148148148148148,0.6000059924121083,0.18547032941717048
29,Paper KNN,0.7833333333333333,0.7941176470588235,0.8181818181818182,0.8059701492537313,0.8529741863075198,0.7407407407407407,0.561131124067762,0.158
29,Paper Stacking,0.8166666666666667,0.84375,0.8181818181818182,0.8307692307692308,0.877665544332211,0.8148148148148148,0.6312279884865479,0.13907306364030472
29,Ablation: clinical prep (no HPO),0.8333333333333334,0.8709677419354839,0.8181818181818182,0.84375,0.8978675645342312,0.8518518518518519,0.667045768100612,0.1284953285427611
29,Proposed (clinical prep + nested HPO),0.8,0.8181818181818182,0.8181818181818182,0.8181818181818182,0.8888888888888888,0.7777777777777778,0.5959595959595959,0.14121281154381496
30,Paper LR,0.819672131147541,0.8055555555555556,0.8787878787878788,0.8405797101449275,0.9155844155844156,0.75,0.6371165579527096,0.1228508096935858
30,Paper DT,0.7377049180327869,0.7575757575757576,0.7575757575757576,0.7575757575757576,0.735930735930736,0.7142857142857143,0.47186147186147187,0.26229508196721313
30,Paper RF,0.8032786885245902,0.7837837837837838,0.8787878787878788,0.8285714285714286,0.895021645021645,0.7142857142857143,0.6049759218314941,0.136827868852459
30,Paper XGB,0.7868852459016393,0.7777777777777778,0.8484848484848485,0.8115942028985508,0.8701298701298702,0.7142857142857143,0.5702248022984665,0.16497051639617621
30,Paper NB,0.7540983606557377,0.75,0.8181818181818182,0.782608695652174,0.8917748917748918,0.6785714285714286,0.5033330466442233,0.17157114238834
30,Paper KNN,0.7868852459016393,0.7777777777777778,0.8484848484848485,0.8115942028985508,0.8809523809523809,0.7142857142857143,0.5702248022984665,0.13573770491803278
30,Paper Stacking,0.819672131147541,0.7894736842105263,0.9090909090909091,0.8450704225352113,0.8982683982683982,0.7142857142857143,0.6409597843503038,0.13251164369071902
30,Ablation: clinical prep (no HPO),0.819672131147541,0.7894736842105263,0.9090909090909091,0.8450704225352113,0.9080086580086579,0.7142857142857143,0.6409597843503038,0.11955483039973877
30,Proposed (clinical prep + nested HPO),0.819672131147541,0.8235294117647058,0.8484848484848485,0.835820895522388,0.8928571428571429,0.7857142857142857,0.6362683048979794,0.141508013803373
31,Paper LR,0.8032786885245902,0.8181818181818182,0.8181818181818182,0.8181818181818182,0.8668831168831169,0.7857142857142857,0.6038961038961039,0.145837894881703
31,Paper DT,0.8032786885245902,0.8,0.8484848484848485,0.8235294117647058,0.7992424242424243,0.75,0.6030710063455536,0.19672131147540983
31,Paper RF,0.8524590163934426,0.8529411764705882,0.8787878787878788,0.8656716417910447,0.9015151515151515,0.8214285714285714,0.7025010124044243,0.12317049180327867
31,Paper XGB,0.7868852459016393,0.7941176470588235,0.8181818181818182,0.8059701492537313,0.8766233766233766,0.75,0.5700355973915344,0.16149919526188852
31,Paper NB,0.819672131147541,0.8055555555555556,0.8787878787878788,0.8405797101449275,0.8538961038961038,0.75,0.6371165579527096,0.16208796789361632
31,Paper KNN,0.7540983606557377,0.7368421052631579,0.8484848484848485,0.7887323943661971,0.8625541125541125,0.6428571428571429,0.5052009411372186,0.1488524590163934
31,Paper Stacking,0.8032786885245902,0.8,0.8484848484848485,0.8235294117647058,0.8961038961038961,0.75,0.6030710063455536,0.13335334660825537
31,Ablation: clinical prep (no HPO),0.8524590163934426,0.8157894736842105,0.9393939393939394,0.8732394366197183,0.9058441558441559,0.75,0.7088392059568465,0.1172435253834152
31,Proposed (clinical prep + nested HPO),0.8524590163934426,0.8157894736842105,0.9393939393939394,0.8732394366197183,0.8993506493506495,0.75,0.7088392059568465,0.12004607545531377
32,Paper LR,0.7833333333333333,0.7878787878787878,0.8125,0.8,0.8716517857142857,0.75,0.5640760748177662,0.1364218959617874
32,Paper DT,0.8166666666666667,0.8181818181818182,0.84375,0.8307692307692308,0.8147321428571428,0.7857142857142857,0.6312279884865479,0.18333333333333332
32,Paper RF,0.8666666666666667,0.9,0.84375,0.8709677419354839,0.9386160714285714,0.8928571428571429,0.734968415259167,0.11066833333333333
32,Paper XGB,0.8,0.8125,0.8125,0.8125,0.8939732142857143,0.7857142857142857,0.5982142857142857,0.1519299185100941
32,Paper NB,0.8333333333333334,0.8666666666666667,0.8125,0.8387096774193549,0.9073660714285715,0.8571428571428571,0.6681531047810609,0.1310117201344621
32,Paper KNN,0.8,0.8125,0.8125,0.8125,0.8498883928571428,0.7857142857142857,0.5982142857142857,0.15733333333333335
32,Paper Stacking,0.85,0.8484848484848485,0.875,0.8615384615384616,0.9319196428571428,0.8214285714285714,0.6983799021553296,0.10846241899160679
32,Ablation: clinical prep (no HPO),0.8666666666666667,0.875,0.875,0.875,0.9408482142857143,0.8571428571428571,0.7321428571428571,0.09586237810482771
32,Proposed (clinical prep + nested HPO),0.85,0.8709677419354839,0.84375,0.8571428571428571,0.921875,0.8571428571428571,0.699722425727024,0.10216480196854195
33,Paper LR,0.85,0.8333333333333334,0.9090909090909091,0.8695652173913043,0.9506172839506173,0.7777777777777778,0.6975184488828855,0.09707669393173442
33,Paper DT,0.8333333333333334,0.8484848484848485,0.8484848484848485,0.8484848484848485,0.8316498316498318,0.8148148148148148,0.6632996632996633,0.16666666666666666
33,Paper RF,0.8,0.8181818181818182,0.8181818181818182,0.8181818181818182,0.9225589225589225,0.7777777777777778,0.5959595959595959,0.11771000000000002
33,Paper XGB,0.85,0.875,0.8484848484848485,0.8615384615384616,0.9102132435465768,0.8518518518518519,0.6983799021553296,0.12102705819998522
33,Paper NB,0.85,0.875,0.8484848484848485,0.8615384615384616,0.9326599326599327,0.8518518518518519,0.6983799021553296,0.11400431627207899
33,Paper KNN,0.8,0.8387096774193549,0.7878787878787878,0.8125,0.8647586980920314,0.8148148148148148,0.6000059924121083,0.14933333333333332
33,Paper Stacking,0.8333333333333334,0.8484848484848485,0.8484848484848485,0.8484848484848485,0.9337822671156004,0.8148148148148148,0.6632996632996633,0.10787911595539508
33,Ablation: clinical prep (no HPO),0.9,0.9354838709677419,0.8787878787878788,0.90625,0.9573512906846241,0.9259259259259259,0.8011253194776194,0.09411982735162902
33,Proposed (clinical prep + nested HPO),0.8333333333333334,0.896551724137931,0.7878787878787878,0.8387096774193549,0.9506172839506173,0.8888888888888888,0.6737497456694624,0.09890746118299172
34,Paper LR,0.85,0.8,0.9696969696969697,0.8767123287671232,0.8641975308641975,0.7037037037037037,0.7106690545187014,0.13950203149917118
34,Paper DT,0.75,0.7647058823529411,0.7878787878787878,0.7761194029850746,0.7457912457912458,0.7037037037037037,0.4935249645415256,0.25
34,Paper RF,0.7833333333333333,0.7777777777777778,0.8484848484848485,0.8115942028985508,0.851290684624018,0.7037037037037037,0.5607501255725158,0.1541016666666667
34,Paper XGB,0.7833333333333333,0.7941176470588235,0.8181818181818182,0.8059701492537313,0.8361391694725028,0.7407407407407407,0.561131124067762,0.19252932510698012
34,Paper NB,0.7833333333333333,0.7777777777777778,0.8484848484848485,0.8115942028985508,0.8866442199775533,0.7037037037037037,0.5607501255725158,0.1454789134897485
34,Paper KNN,0.8166666666666667,0.8055555555555556,0.8787878787878788,0.8405797101449275,0.8911335578002245,0.7407407407407407,0.6291342872277006,0.12400000000000003
34,Paper Stacking,0.8,0.7837837837837838,0.8787878787878788,0.8285714285714286,0.8866442199775533,0.7037037037037037,0.5960239698501034,0.14786185508838326
34,Ablation: clinical prep (no HPO),0.8,0.7837837837837838,0.8787878787878788,0.8285714285714286,0.8484848484848484,0.7037037037037037,0.5960239698501034,0.1529370358257062
34,Proposed (clinical prep + nested HPO),0.8333333333333334,0.7948717948717948,0.9393939393939394,0.8611111111111112,0.8641975308641976,0.7037037037037037,0.6707702909835204,0.14480211173426938
35,Paper LR,0.819672131147541,0.8235294117647058,0.8484848484848485,0.835820895522388,0.9004329004329005,0.7857142857142857,0.6362683048979794,0.1274865381496873
35,Paper DT,0.7704918032786885,0.8064516129032258,0.7575757575757576,0.78125,0.7716450216450217,0.7857142857142857,0.541534658916836,0.22950819672131148
35,Paper RF,0.8360655737704918,0.8484848484848485,0.8484848484848485,0.8484848484848485,0.9188311688311688,0.8214285714285714,0.6699134199134199,0.1186606557377049
35,Paper XGB,0.7868852459016393,0.7941176470588235,0.8181818181818182,0.8059701492537313,0.8841991341991342,0.75,0.5700355973915344,0.17675937705138586
35,Paper NB,0.819672131147541,0.8666666666666667,0.7878787878787878,0.8253968253968254,0.8939393939393939,0.8571428571428571,0.6429375631761639,0.14237813852993708
35,Paper KNN,0.8360655737704918,0.8484848484848485,0.8484848484848485,0.8484848484848485,0.8885281385281385,0.8214285714285714,0.6699134199134199,0.12852459016393444
35,Paper Stacking,0.819672131147541,0.8055555555555556,0.8787878787878788,0.8405797101449275,0.9015151515151515,0.75,0.6371165579527096,0.11928549252941935
35,Ablation: clinical prep (no HPO),0.8688524590163934,0.9032258064516129,0.8484848484848485,0.875,0.9112554112554112,0.8928571428571429,0.738946695932336,0.1177664410339462
35,Proposed (clinical prep + nested HPO),0.8360655737704918,0.896551724137931,0.7878787878787878,0.8387096774193549,0.9090909090909092,0.8928571428571429,0.6792672430902679,0.12250099586533138
36,Paper LR,0.9016393442622951,0.8648648648648649,0.9696969696969697,0.9142857142857143,0.9166666666666666,0.8214285714285714,0.8070025526620842,0.11085524791438754
36,Paper DT,0.7377049180327869,0.717948717948718,0.8484848484848485,0.7777777777777778,0.7278138528138529,0.6071428571428571,0.47282721562776303,0.26229508196721313
36,Paper RF,0.8688524590163934,0.8205128205128205,0.9696969696969697,0.8888888888888888,0.9550865800865801,0.75,0.7468648417873217,0.10864590163934425
36,Paper XGB,0.7704918032786885,0.7714285714285715,0.8181818181818182,0.7941176470588235,0.8722943722943723,0.7142857142857143,0.5365478031139463,0.16637331080653756
36,Paper NB,0.9016393442622951,0.8648648648648649,0.9696969696969697,0.9142857142857143,0.9361471861471862,0.8214285714285714,0.8070025526620842,0.09228408398777925
36,Paper KNN,0.8688524590163934,0.8378378378378378,0.9393939393939394,0.8857142857142857,0.9323593073593074,0.7857142857142857,0.7396603423852208,0.10819672131147544
36,Paper Stacking,0.9016393442622951,0.8648648648648649,0.9696969696969697,0.9142857142857143,0.9469696969696969,0.8214285714285714,0.8070025526620842,0.09690242682172122
36,Ablation: clinical prep (no HPO),0.8688524590163934,0.8378378378378378,0.9393939393939394,0.8857142857142857,0.9372294372294372,0.7857142857142857,0.7396603423852208,0.08820233327649862
36,Proposed (clinical prep + nested HPO),0.8852459016393442,0.8421052631578947,0.9696969696969697,0.9014084507042254,0.9502164502164502,0.7857142857142857,0.776718627563389,0.09172412326849712
37,Paper LR,0.8,0.7777777777777778,0.875,0.8235294117647058,0.8816964285714286,0.7142857142857143,0.600099198148979,0.14344181884726998
37,Paper DT,0.7166666666666667,0.7272727272727273,0.75,0.7384615384615385,0.7142857142857143,0.6785714285714286,0.4297722474802028,0.2833333333333333
37,Paper RF,0.7833333333333333,0.7714285714285715,0.84375,0.8059701492537313,0.8833705357142857,0.7142857142857143,0.5646924393157821,0.1392816666666667
37,Paper XGB,0.7666666666666667,0.8,0.75,0.7741935483870968,0.8616071428571428,0.7857142857142857,0.5345224838248488,0.17910870157328543
37,Paper NB,0.8333333333333334,0.8055555555555556,0.90625,0.8529411764705882,0.9017857142857143,0.75,0.6682922888477266,0.13989478165564645
37,Paper KNN,0.8166666666666667,0.8387096774193549,0.8125,0.8253968253968254,0.8699776785714286,0.8214285714285714,0.632869964670302,0.14066666666666666
37,Paper Stacking,0.8,0.7941176470588235,0.84375,0.8181818181818182,0.8872767857142857,0.75,0.597766393027815,0.14424574168236298
37,Ablation: clinical prep (no HPO),0.8166666666666667,0.8,0.875,0.835820895522388,0.90625,0.75,0.6324555320336759,0.12737928774390733
37,Proposed (clinical prep + nested HPO),0.8166666666666667,0.8,0.875,0.835820895522388,0.8984375,0.75,0.6324555320336759,0.13669780752807112
38,Paper LR,0.8,0.7837837837837838,0.8787878787878788,0.8285714285714286,0.8630751964085297,0.7037037037037037,0.5960239698501034,0.14521092227177648
38,Paper DT,0.6666666666666666,0.7407407407407407,0.6060606060606061,0.6666666666666666,0.6734006734006733,0.7407407407407407,0.3468013468013468,0.3333333333333333
38,Paper RF,0.7833333333333333,0.7941176470588235,0.8181818181818182,0.8059701492537313,0.8507295173961841,0.7407407407407407,0.561131124067762,0.146035
38,Paper XGB,0.7666666666666667,0.7878787878787878,0.7878787878787878,0.7878787878787878,0.8540965207631874,0.7407407407407407,0.5286195286195287,0.19335290142090839
38,Paper NB,0.7833333333333333,0.7941176470588235,0.8181818181818182,0.8059701492537313,0.8507295173961841,0.7407407407407407,0.561131124067762,0.17835033591886276
38,Paper KNN,0.8,0.8181818181818182,0.8181818181818182,0.8181818181818182,0.8496071829405163,0.7777777777777778,0.5959595959595959,0.15400000000000003
38,Paper Stacking,0.8,0.8,0.8484848484848485,0.8235294117647058,0.8720538720538722,0.7407407407407407,0.5945883900105631,0.14582212059706381
38,Ablation: clinical prep (no HPO),0.75,0.7647058823529411,0.7878787878787878,0.7761194029850746,0.8439955106621775,0.7037037037037037,0.4935249645415256,0.16159877621158836
38,Proposed (clinical prep + nested HPO),0.75,0.7647058823529411,0.7878787878787878,0.7761194029850746,0.846240179573513,0.7037037037037037,0.4935249645415256,0.16051226519018588
39,Paper LR,0.85,0.8333333333333334,0.9090909090909091,0.8695652173913043,0.9135802469135802,0.7777777777777778,0.6975184488828855,0.11532031721055083
39,Paper DT,0.8,0.7837837837837838,0.8787878787878788,0.8285714285714286,0.7912457912457913,0.7037037037037037,0.5960239698501034,0.2
39,Paper RF,0.85,0.8157894736842105,0.9393939393939394,0.8732394366197183,0.9169472502805837,0.7407407407407407,0.7021511854826284,0.11360666666666668
39,Paper XGB,0.85,0.8157894736842105,0.9393939393939394,0.8732394366197183,0.9337822671156004,0.7407407407407407,0.7021511854826284,0.10797134737563979
39,Paper NB,0.8166666666666667,0.8235294117647058,0.8484848484848485,0.835820895522388,0.8922558922558923,0.7777777777777778,0.6287372835939984,0.14249668126095422
39,Paper KNN,0.8333333333333334,0.8108108108108109,0.9090909090909091,0.8571428571428571,0.8686868686868687,0.7407407407407407,0.6649284750350865,0.14133333333333334
39,Paper Stacking,0.85,0.8333333333333334,0.9090909090909091,0.8695652173913043,0.898989898989899,0.7777777777777778,0.6975184488828855,0.11827983425473537
39,Ablation: clinical prep (no HPO),0.8833333333333333,0.8611111111111112,0.9393939393939394,0.8985507246376812,0.9281705948372615,0.8148148148148148,0.7659026105380703,0.10321844430355036
39,Proposed (clinical prep + nested HPO),0.9,0.8857142857142857,0.9393939393939394,0.9117647058823529,0.9281705948372616,0.8518518518518519,0.7984472665856134,0.10239286961016679
40,Paper LR,0.8688524590163934,0.8571428571428571,0.9090909090909091,0.8823529411764706,0.948051948051948,0.8214285714285714,0.7361174128087679,0.08923299555128493
40,Paper DT,0.7049180327868853,0.8260869565217391,0.5757575757575758,0.6785714285714286,0.7164502164502164,0.8571428571428571,0.44511096135437767,0.29508196721311475
40,Paper RF,0.8852459016393442,0.8823529411764706,0.9090909090909091,0.8955223880597015,0.9415584415584415,0.8571428571428571,0.7687337199108693,0.1086672131147541
40,Paper XGB,0.8524590163934426,0.875,0.8484848484848485,0.8615384615384616,0.9350649350649352,0.8571428571428571,0.7041053139822809,0.11622534609776916
40,Paper NB,0.8688524590163934,0.9032258064516129,0.8484848484848485,0.875,0.9372294372294372,0.8928571428571429,0.738946695932336,0.10740261361522628
40,Paper KNN,0.8032786885245902,0.8181818181818182,0.8181818181818182,0.8181818181818182,0.877164502164502,0.7857142857142857,0.6038961038961039,0.13901639344262295
40,Paper Stacking,0.8688524590163934,0.8787878787878788,0.8787878787878788,0.8787878787878788,0.935064935064935,0.8571428571428571,0.7359307359307359,0.09818245335807088
40,Ablation: clinical prep (no HPO),0.8524590163934426,0.875,0.8484848484848485,0.8615384615384616,0.9577922077922079,0.8571428571428571,0.7041053139822809,0.09301052442811504
40,Proposed (clinical prep + nested HPO),0.8524590163934426,0.875,0.8484848484848485,0.8615384615384616,0.9512987012987013,0.8571428571428571,0.7041053139822809,0.09284922981525169
41,Paper LR,0.8032786885245902,0.7560975609756098,0.9393939393939394,0.8378378378378378,0.922077922077922,0.6428571428571429,0.6180724188477789,0.12290964711785148
41,Paper DT,0.7377049180327869,0.717948717948718,0.8484848484848485,0.7777777777777778,0.7278138528138529,0.6071428571428571,0.47282721562776303,0.26229508196721313
41,Paper RF,0.7540983606557377,0.725,0.8787878787878788,0.7945205479452054,0.863095238095238,0.6071428571428571,0.5096484554419892,0.15585409836065578
41,Paper XGB,0.7377049180327869,0.7297297297297297,0.8181818181818182,0.7714285714285715,0.8203463203463204,0.6428571428571429,0.47029150127776725,0.2057297098161151
41,Paper NB,0.819672131147541,0.775,0.9393939393939394,0.8493150684931506,0.9177489177489178,0.6785714285714286,0.6481275457848015,0.12586297229309704
41,Paper KNN,0.9016393442622951,0.8461538461538461,1.0,0.9166666666666666,0.9090909090909091,0.7857142857142857,0.8153742483272113,0.12655737704918033
41,Paper Stacking,0.8032786885245902,0.7837837837837838,0.8787878787878788,0.8285714285714286,0.8885281385281385,0.7142857142857143,0.6049759218314941,0.13104551610050008
41,Ablation: clinical prep (no HPO),0.8852459016393442,0.8823529411764706,0.9090909090909091,0.8955223880597015,0.908008658008658,0.8571428571428571,0.7687337199108693,0.1179820769630106
41,Proposed (clinical prep + nested HPO),0.8852459016393442,0.8823529411764706,0.9090909090909091,0.8955223880597015,0.922077922077922,0.8571428571428571,0.7687337199108693,0.1103881588641754
42,Paper LR,0.8166666666666667,0.7837837837837838,0.90625,0.8405797101449275,0.8616071428571428,0.7142857142857143,0.636731017873357,0.14697745899623343
42,Paper DT,0.65,0.72,0.5625,0.631578947368421,0.65625,0.75,0.31622776601683794,0.35
42,Paper RF,0.8333333333333334,0.8235294117647058,0.875,0.8484848484848485,0.87109375,0.7857142857142857,0.6651836553993731,0.136305
42,Paper XGB,0.7833333333333333,0.7714285714285715,0.84375,0.8059701492537313,0.8515625,0.7142857142857143,0.5646924393157821,0.17420637568201952
42,Paper NB,0.8166666666666667,0.8,0.875,0.835820895522388,0.8638392857142857,0.75,0.6324555320336759,0.1469253467112017
42,Paper KNN,0.8333333333333334,0.8055555555555556,0.90625,0.8529411764705882,0.8878348214285714,0.75,0.6682922888477266,0.12866666666666668
42,Paper Stacking,0.85,0.8108108108108109,0.9375,0.8695652173913043,0.8950892857142857,0.75,0.7054429982194027,0.12994034094029547
42,Ablation: clinical prep (no HPO),0.8166666666666667,0.8,0.875,0.835820895522388,0.8861607142857143,0.75,0.6324555320336759,0.12793189551518278
42,Proposed (clinical prep + nested HPO),0.8166666666666667,0.8,0.875,0.835820895522388,0.8783482142857143,0.75,0.6324555320336759,0.13543829949826813
43,Paper LR,0.8666666666666667,0.9310344827586207,0.8181818181818182,0.8709677419354839,0.9450056116722784,0.9259259259259259,0.7407895213579662,0.09669553764808221
43,Paper DT,0.7166666666666667,0.75,0.7272727272727273,0.7384615384615385,0.7154882154882155,0.7037037037037037,0.4297722474802028,0.2833333333333333
43,Paper RF,0.8333333333333334,0.8484848484848485,0.8484848484848485,0.8484848484848485,0.9197530864197531,0.8148148148148148,0.6632996632996633,0.11501500000000002
43,Paper XGB,0.8,0.8620689655172413,0.7575757575757576,0.8064516129032258,0.8945005611672279,0.8518518518518519,0.6067099699809587,0.1654190057654467
43,Paper NB,0.8333333333333334,0.8709677419354839,0.8181818181818182,0.84375,0.9113355780022447,0.8518518518518519,0.667045768100612,0.12683900771804438
43,Paper KNN,0.8166666666666667,0.8666666666666667,0.7878787878787878,0.8253968253968254,0.8860830527497194,0.8518518518518519,0.6365239496641676,0.13266666666666668
43,Paper Stacking,0.8333333333333334,0.8709677419354839,0.8181818181818182,0.84375,0.9304152637485972,0.8518518518518519,0.667045768100612,0.11146706731818877
43,Ablation: clinical prep (no HPO),0.85,0.9,0.8181818181818182,0.8571428571428571,0.936026936026936,0.8888888888888888,0.7035264706814485,0.0984313260587658
43,Proposed (clinical prep + nested HPO),0.85,0.9,0.8181818181818182,0.8571428571428571,0.936026936026936,0.8888888888888888,0.7035264706814485,0.09969712615115785
44,Paper LR,0.7333333333333333,0.7297297297297297,0.8181818181818182,0.7714285714285715,0.8361391694725029,0.6296296296296297,0.4582149594801373,0.1773874756770875
44,Paper DT,0.6666666666666666,0.696969696969697,0.696969696969697,0.696969696969697,0.6632996632996633,0.6296296296296297,0.3265993265993266,0.3333333333333333
44,Paper RF,0.7333333333333333,0.7428571428571429,0.7878787878787878,0.7647058823529411,0.8529741863075196,0.6666666666666666,0.458682472293863,0.15974666666666668
44,Paper XGB,0.6833333333333333,0.6944444444444444,0.7575757575757576,0.7246376811594203,0.8327721661054994,0.5925925925925926,0.3555976406069612,0.23009512153514186
44,Paper NB,0.7333333333333333,0.7575757575757576,0.7575757575757576,0.7575757575757576,0.8462401795735129,0.7037037037037037,0.4612794612794613,0.2016156907503797
44,Paper KNN,0.7666666666666667,0.7714285714285715,0.8181818181818182,0.7941176470588235,0.8288439955106621,0.7037037037037037,0.526635431152213,0.164
44,Paper Stacking,0.7166666666666667,0.7105263157894737,0.8181818181818182,0.7605633802816901,0.8518518518518519,0.5925925925925926,0.4240715080637657,0.1799532916409665
44,Ablation: clinical prep (no HPO),0.75,0.725,0.8787878787878788,0.7945205479452054,0.840628507295174,0.5925925925925926,0.497468338163091,0.18814816135026582
44,Proposed (clinical prep + nested HPO),0.7333333333333333,0.717948717948718,0.8484848484848485,0.7777777777777778,0.8271604938271605,0.5925925925925926,0.4600571105698491,0.18832621830134233
45,Paper LR,0.7868852459016393,0.7631578947368421,0.8787878787878788,0.8169014084507042,0.8917748917748918,0.6785714285714286,0.5730803627437612,0.13740466766521994
45,Paper DT,0.7540983606557377,0.78125,0.7575757575757576,0.7692307692307693,0.7537878787878788,0.75,0.5064806629719167,0.2459016393442623
45,Paper RF,0.8032786885245902,0.8,0.8484848484848485,0.8235294117647058,0.8841991341991342,0.75,0.6030710063455536,0.1401918032786885
45,Paper XGB,0.7868852459016393,0.7941176470588235,0.8181818181818182,0.8059701492537313,0.8647186147186147,0.75,0.5700355973915344,0.17326451631088152
45,Paper NB,0.7704918032786885,0.7714285714285715,0.8181818181818182,0.7941176470588235,0.8614718614718615,0.7142857142857143,0.5365478031139463,0.17341781362103006
45,Paper KNN,0.7377049180327869,0.7575757575757576,0.7575757575757576,0.7575757575757576,0.8262987012987013,0.7142857142857143,0.47186147186147187,0.16786885245901637
45,Paper Stacking,0.7704918032786885,0.7714285714285715,0.8181818181818182,0.7941176470588235,0.8733766233766234,0.7142857142857143,0.5365478031139463,0.144308209257888
45,Ablation: clinical prep (no HPO),0.8032786885245902,0.8,0.8484848484848485,0.8235294117647058,0.8939393939393939,0.75,0.6030710063455536,0.13274560612389466
45,Proposed (clinical prep + nested HPO),0.8032786885245902,0.7837837837837838,0.8787878787878788,0.8285714285714286,0.8971861471861472,0.7142857142857143,0.6049759218314941,0.13177255384838726
46,Paper LR,0.9016393442622951,0.9354838709677419,0.8787878787878788,0.90625,0.9437229437229437,0.9285714285714286,0.804750708270836,0.08955905519526257
46,Paper DT,0.7049180327868853,0.7419354838709677,0.696969696969697,0.71875,0.7056277056277056,0.7142857142857143,0.409926634239836,0.29508196721311475
46,Paper RF,0.8524590163934426,0.9,0.8181818181818182,0.8571428571428571,0.9323593073593074,0.8928571428571429,0.7087415755146639,0.10619344262295083
46,Paper XGB,0.819672131147541,0.8055555555555556,0.8787878787878788,0.8405797101449275,0.9166666666666667,0.75,0.6371165579527096,0.12927671071262425
46,Paper NB,0.8688524590163934,0.9032258064516129,0.8484848484848485,0.875,0.9393939393939393,0.8928571428571429,0.738946695932336,0.11216155802867786
46,Paper KNN,0.8852459016393442,0.8823529411764706,0.9090909090909091,0.8955223880597015,0.9085497835497836,0.8571428571428571,0.7687337199108693,0.11409836065573774
46,Paper Stacking,0.8688524590163934,0.9032258064516129,0.8484848484848485,0.875,0.9307359307359309,0.8928571428571429,0.738946695932336,0.0983228291589187
46,Ablation: clinical prep (no HPO),0.8852459016393442,0.90625,0.8787878787878788,0.8923076923076924,0.9448051948051949,0.8928571428571429,0.7699801976524022,0.08602189551711525
46,Proposed (clinical prep + nested HPO),0.8688524590163934,0.9032258064516129,0.8484848484848485,0.875,0.9415584415584416,0.8928571428571429,0.738946695932336,0.10000546293873908
47,Paper LR,0.8166666666666667,0.8181818181818182,0.84375,0.8307692307692308,0.890625,0.7857142857142857,0.6312279884865479,0.13006035582452713
47,Paper DT,0.7333333333333333,0.7666666666666667,0.71875,0.7419354838709677,0.734375,0.75,0.46770717334674267,0.26666666666666666
47,Paper RF,0.8333333333333334,0.8055555555555556,0.90625,0.8529411764705882,0.9324776785714286,0.75,0.6682922888477266,0.11510166666666666
47,Paper XGB,0.7666666666666667,0.78125,0.78125,0.78125,0.8604910714285715,0.75,0.53125,0.16205483913542743
47,Paper NB,0.8333333333333334,0.84375,0.84375,0.84375,0.9129464285714287,0.8214285714285714,0.6651785714285714,0.12168708404299809
47,Paper KNN,0.8,0.7941176470588235,0.84375,0.8181818181818182,0.8766741071428572,0.75,0.597766393027815,0.14200000000000002
47,Paper Stacking,0.85,0.8484848484848485,0.875,0.8615384615384616,0.9319196428571428,0.8214285714285714,0.6983799021553296,0.11335641745191787
47,Ablation: clinical prep (no HPO),0.8666666666666667,0.875,0.875,0.875,0.9308035714285714,0.8571428571428571,0.7321428571428571,0.10831744347030847
47,Proposed (clinical prep + nested HPO),0.8333333333333334,0.84375,0.84375,0.84375,0.9285714285714286,0.8214285714285714,0.6651785714285714,0.10729619096436109
48,Paper LR,0.8,0.7560975609756098,0.9393939393939394,0.8378378378378378,0.8686868686868686,0.6296296296296297,0.6085557615242849,0.15113365994520805
48,Paper DT,0.7333333333333333,0.7073170731707317,0.8787878787878788,0.7837837837837838,0.7171717171717172,0.5555555555555556,0.4645188948913181,0.26666666666666666
48,Paper RF,0.7666666666666667,0.7209302325581395,0.9393939393939394,0.8157894736842105,0.8546576879910213,0.5555555555555556,0.5464381960949232,0.15707333333333337
48,Paper XGB,0.7833333333333333,0.7380952380952381,0.9393939393939394,0.8266666666666667,0.8204264870931538,0.5925925925925926,0.5775353766869084,0.192589728517244
48,Paper NB,0.8333333333333334,0.8108108108108109,0.9090909090909091,0.8571428571428571,0.8754208754208754,0.7407407407407407,0.6649284750350865,0.1501738706313221
48,Paper KNN,0.8,0.7560975609756098,0.9393939393939394,0.8378378378378378,0.8367003367003367,0.6296296296296297,0.6085557615242849,0.16133333333333333
48,Paper Stacking,0.7833333333333333,0.7380952380952381,0.9393939393939394,0.8266666666666667,0.8787878787878789,0.5925925925925926,0.5775353766869084,0.14428402764888035
48,Ablation: clinical prep (no HPO),0.8,0.7560975609756098,0.9393939393939394,0.8378378378378378,0.846240179573513,0.6296296296296297,0.6085557615242849,0.1502131767570832
48,Proposed (clinical prep + nested HPO),0.8166666666666667,0.775,0.9393939393939394,0.8493150684931506,0.8787878787878788,0.6666666666666666,0.6396021490668312,0.14385742232932625
49,Paper LR,0.8666666666666667,0.8571428571428571,0.9090909090909091,0.8823529411764706,0.9169472502805835,0.8148148148148148,0.7304943077272633,0.10281710989539368
49,Paper DT,0.7666666666666667,0.8518518518518519,0.696969696969697,0.7666666666666667,0.7744107744107744,0.8518518518518519,0.5488215488215489,0.23333333333333334
49,Paper RF,0.85,0.875,0.8484848484848485,0.8615384615384616,0.9057239057239057,0.8518518518518519,0.6983799021553296,0.12366499999999998
49,Paper XGB,0.8833333333333333,0.8823529411764706,0.9090909090909091,0.8955223880597015,0.888888888888889,0.8518518518518519,0.7639496026464712,0.1283923994343939
49,Paper NB,0.8166666666666667,0.8235294117647058,0.8484848484848485,0.835820895522388,0.8888888888888888,0.7777777777777778,0.6287372835939984,0.14189382851026364
49,Paper KNN,0.8666666666666667,0.8571428571428571,0.9090909090909091,0.8823529411764706,0.9130190796857465,0.8148148148148148,0.7304943077272633,0.10933333333333332
49,Paper Stacking,0.8833333333333333,0.8823529411764706,0.9090909090909091,0.8955223880597015,0.8989898989898989,0.8518518518518519,0.7639496026464712,0.10571547208582253
49,Ablation: clinical prep (no HPO),0.8666666666666667,0.8571428571428571,0.9090909090909091,0.8823529411764706,0.9057239057239057,0.8148148148148148,0.7304943077272633,0.1023974892179222
49,Proposed (clinical prep + nested HPO),0.85,0.8529411764705882,0.8787878787878788,0.8656716417910447,0.8978675645342311,0.8148148148148148,0.6963434431202348,0.11217970507234105
