model,Accuracy,Precision,Recall,F1,AUC,Specificity,MCC,Brier
Paper LR,0.8244 ± 0.0481,0.8154 ± 0.0568,0.8808 ± 0.0663,0.8446 ± 0.0434,0.8994 ± 0.0371,0.7572 ± 0.0882,0.6508 ± 0.0974,0.127 ± 0.0267
Paper DT,0.7516 ± 0.0453,0.775 ± 0.0517,0.7713 ± 0.081,0.77 ± 0.0474,0.7498 ± 0.0454,0.7283 ± 0.0855,0.5044 ± 0.0905,0.2484 ± 0.0453
Paper RF,0.8237 ± 0.0421,0.8203 ± 0.0499,0.8701 ± 0.0584,0.8427 ± 0.0377,0.902 ± 0.031,0.7686 ± 0.0792,0.6478 ± 0.085,0.128 ± 0.0169
Paper XGB,0.797 ± 0.0435,0.8017 ± 0.0502,0.837 ± 0.0677,0.8169 ± 0.0414,0.8812 ± 0.0349,0.7492 ± 0.0784,0.594 ± 0.0883,0.1587 ± 0.0323
Paper NB,0.8204 ± 0.0445,0.8268 ± 0.0471,0.8505 ± 0.0708,0.8365 ± 0.0433,0.8938 ± 0.0361,0.7847 ± 0.0709,0.6417 ± 0.0895,0.1431 ± 0.0329
Paper KNN,0.8131 ± 0.0411,0.8105 ± 0.0459,0.8602 ± 0.0592,0.833 ± 0.0372,0.8766 ± 0.0321,0.7571 ± 0.0719,0.6261 ± 0.0844,0.1384 ± 0.0207
Paper Stacking,0.8244 ± 0.0464,0.8195 ± 0.0562,0.8743 ± 0.0619,0.8439 ± 0.041,0.9067 ± 0.0293,0.765 ± 0.0878,0.6499 ± 0.0937,0.1245 ± 0.0228
Ablation: clinical prep (no HPO),0.8452 ± 0.0445,0.844 ± 0.0559,0.8828 ± 0.0563,0.8611 ± 0.0392,0.9095 ± 0.0325,0.8005 ± 0.0848,0.6914 ± 0.0897,0.1184 ± 0.0239
Proposed (clinical prep + nested HPO),0.8383 ± 0.043,0.8371 ± 0.0527,0.8773 ± 0.0614,0.8547 ± 0.0384,0.9085 ± 0.0336,0.7919 ± 0.08,0.6777 ± 0.0879,0.1213 ± 0.0244
